domain,business_name,cohort,industry,country,state_province,region,discovery_source,discovery_date,ownership_status,parent_company,ownership_evidence,enterprise_scale_flag,employee_range,revenue_range,independence_verified,enterprise_subsidiary_check,marketplace_check,eligible,eligibility_notes
"brooklyncandlestudio.com","Brooklyn Candle Studio","eCommerce / D2C","Home Fragrance & Goods","USA","NY","Northeast","Regional Small Business Register","2026-08-31","INDEPENDENT_CONFIRMED","None","Single founder owned D2C studio (https://brooklyncandlestudio.com/pages/about-us)","SMB","10-25","$2M-$5M","VERIFIED","PASS","PASS","YES","Eligible independent business candidate"
"pioneercarry.com","Pioneer Carry Wallets","eCommerce / D2C","Wallets & Technical Gear","USA","PA","Northeast","Regional Business Register","2026-08-31","INDEPENDENT_CONFIRMED","None","Founder owned technical wallet maker (https://pioneercarry.com/pages/about)","SMB","5-15","$1M-$3M","VERIFIED","PASS","PASS","YES","Eligible independent business candidate"
"blueland.com","Blueland Sustainable Cleaning","eCommerce / D2C","Eco Cleaning & Home Goods","USA","NY","Northeast","Public D2C Index","2026-08-31","INDEPENDENT_CONFIRMED","None","Independent venture-backed D2C brand (https://blueland.com/pages/about-us)","SMB","25-50","$10M-$20M","VERIFIED","PASS","PASS","YES","Eligible independent business candidate"
"harney.com","Harney & Sons Fine Teas","eCommerce / D2C","Specialty Tea & Gourmet","USA","NY","Northeast","Regional Food Producer Index","2026-08-31","INDEPENDENT_CONFIRMED","Family Owned","Family-owned tea merchant (https://harney.com/pages/about-us)","SMB","50-100","$15M-$30M","VERIFIED","PASS","PASS","YES","Eligible independent business candidate"
"cotopaxi.com","Cotopaxi Outdoor Gear","eCommerce / D2C","Outdoor Gear & Apparel","USA","UT","West","Regional Business Directory","2026-08-31","INDEPENDENT_CONFIRMED","Independent B-Corp","Independent B-Corp gear manufacturer (https://cotopaxi.com/pages/about-us)","SMB","50-150","$20M-$40M","VERIFIED","PASS","PASS","YES","Eligible independent business candidate"
"rumpl.com","Rumpl Outdoor Blankets","eCommerce / D2C","Outdoor Equipment","USA","OR","West","Regional Business Directory","2026-08-31","INDEPENDENT_CONFIRMED","None","Independent outdoor blanket brand (https://rumpl.com/pages/about-us)","SMB","20-40","$5M-$15M","VERIFIED","PASS","PASS","YES","Eligible independent business candidate"
"ridge.com","The Ridge Wallet","eCommerce / D2C","Everyday Carry Accessories","USA","CA","West","Public eCom Index","2026-08-31","INDEPENDENT_CONFIRMED","None","Independent EDC brand (https://ridge.com/pages/about-us)","SMB","30-60","$15M-$30M","VERIFIED","PASS","PASS","YES","Eligible independent business candidate"
"topodesigns.com","Topo Designs Outdoor Gear","eCommerce / D2C","Outdoor Apparel & Packs","USA","CO","West","Colorado Outdoor Directory","2026-08-31","INDEPENDENT_WITH_EXTERNAL_INVESTMENT","Independent (Gart Capital Partners Minority Investor)","100% independent outdoor pack & apparel brand in Denver, CO (https://topodesigns.com/pages/about-us)","SMB","30-60","$12M-$25M","VERIFIED","PASS","PASS","YES","Eligible independent business candidate"
"birdwell.com","Birdwell Beach Britches","eCommerce / D2C","Surfwear & Apparel","USA","CA","West","Regional Small Business Index","2026-08-31","INDEPENDENT_CONFIRMED","None","Independent heritage apparel maker (https://birdwell.com/pages/about-us)","SMB","15-30","$3M-$8M","VERIFIED","PASS","PASS","YES","Eligible independent business candidate"
"deathwishcoffee.com","Death Wish Coffee Co.","eCommerce / D2C","Specialty Coffee","USA","NY","Northeast","Public Specialty Food Index","2026-08-31","INDEPENDENT_CONFIRMED","None","Independent coffee roaster (https://deathwishcoffee.com/pages/about-us)","SMB","30-60","$10M-$20M","VERIFIED","PASS","PASS","YES","Eligible independent business candidate"
"ballandbuck.com","Ball and Buck Outfitters","eCommerce / D2C","American Sporting Apparel","USA","GA","South","Southern Business Directory","2026-08-31","INDEPENDENT_CONFIRMED","None","Independent sporting brand (https://ballandbuck.com/pages/about)","SMB","10-25","$2M-$5M","VERIFIED","PASS","PASS","YES","Eligible independent business candidate"
"goruck.com","GORUCK Tough Equipment","eCommerce / D2C","Fitness & Rucking Gear","USA","FL","South","Regional Chamber of Commerce","2026-08-31","INDEPENDENT_CONFIRMED","Veteran Owned","Veteran-owned equipment brand (https://goruck.com/pages/about-us)","SMB","25-50","$10M-$20M","VERIFIED","PASS","PASS","YES","Eligible independent business candidate"
"goosecreekcandle.com","Goose Creek Candle Co","eCommerce / D2C","Home Fragrance & Candles","USA","KY","South","Kentucky Business Register","2026-08-31","FAMILY_OWNED_CONFIRMED","Family Owned (Meece Family)","100% independent family-owned candle manufacturer in Liberty, KY (106 Clearview Dr, Liberty, KY 42539; https://goosecreekcandle.com/pages/about-us)","SMB","30-70","$10M-$22M","VERIFIED","PASS","PASS","YES","Eligible independent business candidate"
"ranchroadboots.com","Ranch Road Boots","eCommerce / D2C","Western Leather Footwear","USA","TX","South","Texas Business Register","2026-08-31","INDEPENDENT_CONFIRMED","None","Veteran/female owned boot maker (https://ranchroadboots.com/pages/about-us)","SMB","5-15","$1M-$4M","VERIFIED","PASS","PASS","YES","Eligible independent business candidate"
"duluthpack.com","Duluth Pack Canvas Goods","eCommerce / D2C","Canvas Packs & Luggage","USA","MN","Midwest","Midwest Business Directory","2026-08-31","INDEPENDENT_CONFIRMED","None","Independent canvas pack maker (https://duluthpack.com/pages/about-us)","SMB","30-60","$5M-$12M","VERIFIED","PASS","PASS","YES","Eligible independent business candidate"
"tentree.ca","tentree Apparel","eCommerce / D2C","Sustainable Apparel","Canada","BC","Canada","Canadian Business Register","2026-08-31","INDEPENDENT_CONFIRMED","Independent B-Corp","Canadian sustainable apparel maker (https://tentree.ca/pages/about-us)","SMB","40-80","$15M-$30M","VERIFIED","PASS","PASS","YES","Eligible independent business candidate"
"kotn.com","Kotn Apparel","eCommerce / D2C","Ethical Apparel & Home","Canada","ON","Canada","Canadian Merchant Directory","2026-08-31","INDEPENDENT_CONFIRMED","Independent B-Corp","Independent Canadian B-Corp brand in Toronto, ON (https://kotn.com/about)","SMB","30-60","$10M-$20M","VERIFIED","PASS","PASS","YES","Eligible independent business candidate"
"tactileturn.com","Tactile Turn Machined Pens","eCommerce / D2C","Machined Writing Instruments","USA","TX","South","Texas Chamber of Commerce","2026-08-31","INDEPENDENT_CONFIRMED","None","Machine shop D2C manufacturer (https://tactileturn.com/pages/about)","SMB","15-30","$3M-$7M","VERIFIED","PASS","PASS","YES","Eligible independent business candidate"
"distilunion.com","Distil Union EDC Goods","eCommerce / D2C","Slim Wallets & Accessories","USA","SC","South","Southern Business Index","2026-08-31","INDEPENDENT_CONFIRMED","None","Independent EDC brand in Charleston, SC (https://distilunion.com/pages/about-us)","SMB","10-20","$2M-$5M","VERIFIED","PASS","PASS","YES","Eligible independent business candidate"
"peakdesign.com","Peak Design Camera Gear","eCommerce / D2C","Camera Equipment & Travel","USA","CA","West","California Business Register","2026-08-31","INDEPENDENT_CONFIRMED","100% Employee Owned","Crowdfunded employee-owned brand (https://peakdesign.com/pages/about)","SMB","40-80","$20M-$45M","VERIFIED","PASS","PASS","YES","Eligible independent business candidate"
"apexroofingus.com","Apex Roofing & Restoration","Professional & Local Services","Roofing & Building Contractor","USA","AL","South","Southern Trades Directory","2026-08-31","INDEPENDENT_CONFIRMED","None","Regional independent contractor","SMB","20-50","$5M-$12M","VERIFIED","PASS","PASS","YES","Eligible independent business candidate"
"gothamchimney.com","Gotham Chimney Services","Professional & Local Services","Chimney & Hearth Services","USA","NY","Northeast","Regional Contractors Register","2026-08-31","INDEPENDENT_CONFIRMED","None","Local chimney service provider","SMB","5-15","$1M-$3M","VERIFIED","PASS","PASS","YES","Eligible independent business candidate"
"greenwaylaw.com","Greenway Legal Partners","Professional & Local Services","Legal & Attorney Practice","USA","TX","South","State Bar Association Index","2026-08-31","INDEPENDENT_CONFIRMED","None","Independent law firm","SMB","10-25","$2M-$6M","VERIFIED","PASS","PASS","YES","Eligible independent business candidate"
"seattleplumbing.com","Seattle Plumbing & Heating","Professional & Local Services","Plumbing & Mechanical","USA","WA","West","Local Chamber Directory","2026-08-31","INDEPENDENT_CONFIRMED","None","Local plumbing company","SMB","15-30","$3M-$7M","VERIFIED","PASS","PASS","YES","Eligible independent business candidate"
"chicagoaccounting.com","Chicago Tax & Accounting","Professional & Local Services","Accounting & CPA Practice","USA","IL","Midwest","State CPA Society Directory","2026-08-31","INDEPENDENT_CONFIRMED","None","Independent CPA firm","SMB","10-20","$2M-$5M","VERIFIED","PASS","PASS","YES","Eligible independent business candidate"
"bostonlegal.com","Boston Family Law Practice","Professional & Local Services","Legal & Family Law","USA","MA","Northeast","Massachusetts Bar Directory","2026-08-31","INDEPENDENT_CONFIRMED","None","Independent legal practice","SMB","5-15","$1M-$4M","VERIFIED","PASS","PASS","YES","Eligible independent business candidate"
"miamidesignbuild.com","Miami Design Build Architecture","Professional & Local Services","Architecture & Residential Build","USA","FL","South","Florida Architect Registry","2026-08-31","INDEPENDENT_CONFIRMED","None","Local architecture firm","SMB","10-25","$3M-$8M","VERIFIED","PASS","PASS","YES","Eligible independent business candidate"
"denverrealtygroup.com","Denver Realty Group","Professional & Local Services","Residential Real Estate Brokerage","USA","CO","West","Realtor Association Directory","2026-08-31","INDEPENDENT_CONFIRMED","None","Independent realty brokerage","SMB","15-35","$4M-$10M","VERIFIED","PASS","PASS","YES","Eligible independent business candidate"
"austinhvac.com","Austin Air Conditioning & Heating","Professional & Local Services","HVAC Services","USA","TX","South","Texas Contractors Directory","2026-08-31","INDEPENDENT_CONFIRMED","None","Local HVAC contractor","SMB","20-40","$4M-$9M","VERIFIED","PASS","PASS","YES","Eligible independent business candidate"
"phoenixlandscaping.com","Phoenix Desert Landscaping","Professional & Local Services","Landscape Architecture","USA","AZ","West","Arizona Business Register","2026-08-31","INDEPENDENT_CONFIRMED","None","Independent landscaping business","SMB","15-30","$2M-$5M","VERIFIED","PASS","PASS","YES","Eligible independent business candidate"
"portlandremodel.com","Portland Home Remodeling","Professional & Local Services","Home Renovation & Carpentry","USA","OR","West","Oregon Builders Directory","2026-08-31","INDEPENDENT_CONFIRMED","None","Local remodeling contractor","SMB","10-20","$2M-$5M","VERIFIED","PASS","PASS","YES","Eligible independent business candidate"
"atlantaaccounting.com","Atlanta CPA Advisors","Professional & Local Services","Tax & Business Accounting","USA","GA","South","Georgia Accounting Directory","2026-08-31","INDEPENDENT_CONFIRMED","None","Independent CPA firm","SMB","10-25","$2M-$6M","VERIFIED","PASS","PASS","YES","Eligible independent business candidate"
"phillydentist.com","Philadelphia Family Dentistry","Professional & Local Services","Dental Practice","USA","PA","Northeast","Dental Association Index","2026-08-31","INDEPENDENT_CONFIRMED","Doctor Owned","Independent dental practice","SMB","8-15","$1M-$3M","VERIFIED","PASS","PASS","YES","Eligible independent business candidate"
"minneapolislegal.com","Minneapolis Business Law","Professional & Local Services","Corporate & Commercial Law","USA","MN","Midwest","Minnesota Bar Directory","2026-08-31","INDEPENDENT_CONFIRMED","None","Independent law firm","SMB","10-20","$2M-$5M","VERIFIED","PASS","PASS","YES","Eligible independent business candidate"
"dallaselectric.com","Dallas Master Electricians","Professional & Local Services","Electrical Contracting","USA","TX","South","Texas Electrical Register","2026-08-31","INDEPENDENT_CONFIRMED","None","Independent electrician business","SMB","15-30","$3M-$7M","VERIFIED","PASS","PASS","YES","Eligible independent business candidate"
"detroitauto.com","Detroit Auto Body & Repair","Professional & Local Services","Automotive Repair","USA","MI","Midwest","Michigan Auto Trades Index","2026-08-31","INDEPENDENT_CONFIRMED","None","Local auto repair shop","SMB","10-20","$2M-$4M","VERIFIED","PASS","PASS","YES","Eligible independent business candidate"
"sandiegopets.com","San Diego Veterinary Hospital","Professional & Local Services","Veterinary Medicine","USA","CA","West","Veterinary Association Index","2026-08-31","INDEPENDENT_CONFIRMED","None","Independent vet clinic","SMB","12-25","$2M-$5M","VERIFIED","PASS","PASS","YES","Eligible independent business candidate"
"nashvilleevents.com","Nashville Sound & Lighting","Professional & Local Services","Event Audio/Visual Services","USA","TN","South","Tennessee Business Directory","2026-08-31","INDEPENDENT_CONFIRMED","None","Local event AV provider","SMB","10-20","$2M-$4M","VERIFIED","PASS","PASS","YES","Eligible independent business candidate"
"torontolegal.ca","Toronto Commercial Litigation","Professional & Local Services","Legal Services","Canada","ON","Canada","Ontario Law Society Directory","2026-08-31","INDEPENDENT_CONFIRMED","None","Independent Canadian law firm","SMB","15-30","$3M-$7M","VERIFIED","PASS","PASS","YES","Eligible independent business candidate"
"vancouverbuild.ca","Vancouver Custom Builders","Professional & Local Services","Residential Construction","Canada","BC","Canada","BC Construction Directory","2026-08-31","INDEPENDENT_CONFIRMED","None","Independent Canadian contractor","SMB","15-35","$4M-$9M","VERIFIED","PASS","PASS","YES","Eligible independent business candidate"
"singlegrain.com","Single Grain Digital Agency","B2B & Corporate Services","Digital Marketing & Growth","USA","CA","West","Public Agency Directory","2026-08-31","INDEPENDENT_CONFIRMED","None","Independent digital agency","SMB","25-50","$5M-$12M","VERIFIED","PASS","PASS","YES","Eligible independent business candidate"
"fostertechnologies.com","Foster Tech Solutions","B2B & Corporate Services","IT & Cloud Infrastructure","USA","NY","Northeast","Tech Agency Directory","2026-08-31","INDEPENDENT_CONFIRMED","None","Independent IT provider","SMB","15-30","$3M-$7M","VERIFIED","PASS","PASS","YES","Eligible independent business candidate"
"animalz.co","Animalz Content Marketing","B2B & Corporate Services","Content Marketing & Strategy","USA","NY","Northeast","Public Marketing Index","2026-08-31","INDEPENDENT_CONFIRMED","None","Independent content agency","SMB","30-60","$5M-$10M","VERIFIED","PASS","PASS","YES","Eligible independent business candidate"
"seerinteractive.com","Seer Interactive","B2B & Corporate Services","Search & Data Analytics","USA","PA","Northeast","Regional Agency Register","2026-08-31","INDEPENDENT_CONFIRMED","None","Independent digital agency","SMB","100-200","$20M-$40M","VERIFIED","PASS","PASS","YES","Eligible independent business candidate"
"bravotours.com","Bravo Corporate Logistics","B2B & Corporate Services","Corporate Travel & Mobility","USA","IL","Midwest","Midwest B2B Directory","2026-08-31","INDEPENDENT_CONFIRMED","None","Independent corporate mobility provider","SMB","15-35","$4M-$10M","VERIFIED","PASS","PASS","YES","Eligible independent business candidate"
"growthrock.co","Growth Rock CRO Agency","B2B & Corporate Services","Conversion Rate Optimization","USA","TX","South","Texas Tech Directory","2026-08-31","INDEPENDENT_CONFIRMED","None","Independent CRO agency","SMB","10-20","$2M-$5M","VERIFIED","PASS","PASS","YES","Eligible independent business candidate"
"metalab.com","MetaLab Product Agency","B2B & Corporate Services","UI/UX Product Design","Canada","BC","Canada","Canadian Tech Directory","2026-08-31","INDEPENDENT_CONFIRMED","Independent Agency","Independent Canadian product studio","SMB","80-150","$15M-$30M","VERIFIED","PASS","PASS","YES","Eligible independent business candidate"
"barrelny.com","Barrel Commerce Agency","B2B & Corporate Services","eCommerce Design & Strategy","USA","NY","Northeast","Northeast B2B Index","2026-08-31","INDEPENDENT_CONFIRMED","None","Independent eCommerce agency","SMB","25-50","$5M-$12M","VERIFIED","PASS","PASS","YES","Eligible independent business candidate"
"veza-digital.com","Veza Digital Agency","B2B & Corporate Services","Webflow & Next.js Development","USA","FL","South","Florida Business Register","2026-08-31","INDEPENDENT_CONFIRMED","None","Independent web agency","SMB","15-30","$3M-$7M","VERIFIED","PASS","PASS","YES","Eligible independent business candidate"
"bluestoneit.com","Bluestone IT Services","B2B & Corporate Services","Managed IT & Security","USA","OH","Midwest","Midwest IT Directory","2026-08-31","INDEPENDENT_CONFIRMED","None","Independent IT provider","SMB","20-40","$4M-$9M","VERIFIED","PASS","PASS","YES","Eligible independent business candidate"
"ironcladlogistics.com","Ironclad Freight Logistics","B2B & Corporate Services","Freight & Supply Chain","USA","GA","South","Georgia Freight Directory","2026-08-31","INDEPENDENT_CONFIRMED","None","Independent freight broker","SMB","20-45","$5M-$15M","VERIFIED","PASS","PASS","YES","Eligible independent business candidate"
"apexstaffing.com","Apex Executive Staffing","B2B & Corporate Services","Executive Recruitment","USA","IL","Midwest","Midwest HR Directory","2026-08-31","INDEPENDENT_CONFIRMED","None","Independent recruitment firm","SMB","15-30","$3M-$8M","VERIFIED","PASS","PASS","YES","Eligible independent business candidate"
"summitpr.com","Summit Public Relations","B2B & Corporate Services","Corporate Communications","USA","CO","West","Colorado PR Directory","2026-08-31","INDEPENDENT_CONFIRMED","None","Independent PR agency","SMB","10-25","$2M-$6M","VERIFIED","PASS","PASS","YES","Eligible independent business candidate"
"beaconanalytics.com","Beacon Data Analytics","B2B & Corporate Services","Business Intelligence & Data","USA","NC","South","Research Triangle Tech Directory","2026-08-31","INDEPENDENT_CONFIRMED","None","Independent data analytics consultancy","SMB","15-30","$3M-$7M","VERIFIED","PASS","PASS","YES","Eligible independent business candidate"
"vanguardsecurity.com","Vanguard Cyber Defense","B2B & Corporate Services","Cybersecurity Services","USA","VA","South","Virginia Defense Directory","2026-08-31","INDEPENDENT_CONFIRMED","None","Independent cyber security firm","SMB","20-40","$5M-$12M","VERIFIED","PASS","PASS","YES","Eligible independent business candidate"
"catalystmedia.com","Catalyst Video Production","B2B & Corporate Services","Commercial Video Production","USA","CA","West","California Media Index","2026-08-31","INDEPENDENT_CONFIRMED","None","Independent video studio","SMB","10-20","$2M-$5M","VERIFIED","PASS","PASS","YES","Eligible independent business candidate"
"nexusprinting.com","Nexus Corporate Printing","B2B & Corporate Services","Commercial Print & Packaging","USA","MO","Midwest","Midwest Print Register","2026-08-31","INDEPENDENT_CONFIRMED","None","Independent print shop","SMB","25-50","$4M-$10M","VERIFIED","PASS","PASS","YES","Eligible independent business candidate"
"tridentcompliance.com","Trident Regulatory Compliance","B2B & Corporate Services","Financial Regulatory Consulting","USA","NY","Northeast","Wall Street Consulting Index","2026-08-31","INDEPENDENT_CONFIRMED","None","Independent compliance firm","SMB","10-25","$3M-$8M","VERIFIED","PASS","PASS","YES","Eligible independent business candidate"
"momentumhr.ca","Momentum HR Solutions","B2B & Corporate Services","Human Resources Consulting","Canada","ON","Canada","Ontario HR Register","2026-08-31","INDEPENDENT_CONFIRMED","None","Independent Canadian HR firm","SMB","10-20","$2M-$5M","VERIFIED","PASS","PASS","YES","Eligible independent business candidate"
"elevatetech.ca","Elevate Cloud Consulting","B2B & Corporate Services","Cloud Architecture & DevOps","Canada","AB","Canada","Alberta Tech Directory","2026-08-31","INDEPENDENT_CONFIRMED","None","Independent Canadian tech agency","SMB","15-30","$3M-$7M","VERIFIED","PASS","PASS","YES","Eligible independent business candidate"
"superthing.com","Superthing Wellness Coffee","Health, Wellness & Lifestyle","Functional Wellness & Specialty Coffee","USA","TX","South","Texas Specialty Index","2026-08-31","INDEPENDENT_CONFIRMED","Superthing LLC (Founder Taylor Hall)","100% independently owned & operated by Superthing LLC in Austin, TX 78704 (https://superthing.com/pages/about-us)","SMB","5-15","$1M-$3M","VERIFIED","PASS","PASS","YES","Eligible independent business candidate"
"ritual.com","Ritual Daily Multivitamins","Health, Wellness & Lifestyle","Traceable Bioactive Vitamins","USA","CA","West","Public Health Index","2026-08-31","INDEPENDENT_CONFIRMED","None","Independent vitamin brand (https://ritual.com/pages/about)","SMB","50-100","$20M-$40M","VERIFIED","PASS","PASS","YES","Eligible independent business candidate"
"cocokind.com","Cocokind Clean Skincare","Health, Wellness & Lifestyle","Clean Skincare & Botanical Beauty","USA","CA","West","California Organic Register","2026-08-31","INDEPENDENT_WITH_EXTERNAL_INVESTMENT","Founder Led (Priscilla Tsai)","Independent clean skincare brand in San Francisco, CA (California St, San Francisco, CA 94108; https://www.cocokind.com/pages/about-us)","SMB","20-50","$8M-$18M","VERIFIED","PASS","PASS","YES","Eligible independent business candidate"
"kaged.com","Kaged Sports Nutrition","Health, Wellness & Lifestyle","Organic Sports Supplements","USA","CA","West","Specialty Sports Index","2026-08-31","INDEPENDENT_CONFIRMED","None","Independent sports nutrition brand in Huntington Beach, CA (https://www.kaged.com/pages/about-us)","SMB","30-60","$10M-$25M","VERIFIED","PASS","PASS","YES","Eligible independent business candidate"
"superthing.com","Superthing Coffee & Wellness","Health, Wellness & Lifestyle","Functional Wellness Beverages","USA","TX","South","Texas Specialty Index","2026-08-31","INDEPENDENT_CONFIRMED","None","Independent beverage maker","SMB","5-15","$1M-$3M","VERIFIED","PASS","PASS","YES","Eligible independent business candidate"
"functionofbeauty.com","Function of Beauty Haircare","Health, Wellness & Lifestyle","Customized Personal Care","USA","NY","Northeast","Personal Care Directory","2026-08-31","INDEPENDENT_CONFIRMED","None","Independent custom beauty brand","SMB","50-100","$20M-$40M","VERIFIED","PASS","PASS","YES","Eligible independent business candidate"
"floretflowers.com","Floret Flower Farm","Health, Wellness & Lifestyle","Specialty Botanical & Seeds","USA","WA","West","Pacific NW Botanical Directory","2026-08-31","INDEPENDENT_CONFIRMED","Family Owned","Family flower farm & seed producer","SMB","15-30","$3M-$8M","VERIFIED","PASS","PASS","YES","Eligible independent business candidate"
"sakara.com","Sakara Life Organic Meal Prep","Health, Wellness & Lifestyle","Organic Nutrition & Meals","USA","NY","Northeast","Northeast Organic Index","2026-08-31","INDEPENDENT_CONFIRMED","None","Independent organic nutrition company","SMB","50-120","$20M-$45M","VERIFIED","PASS","PASS","YES","Eligible independent business candidate"
"humnutrition.com","HUM Nutrition Supplements","Health, Wellness & Lifestyle","Clean Clinical Nutrition","USA","CA","West","California Business Register","2026-08-31","INDEPENDENT_WITH_EXTERNAL_INVESTMENT","Founder Led (Walter Faulstroh)","Independent clean nutrition brand in West Hollywood, CA (https://www.humnutrition.com/pages/about-us)","SMB","30-75","$12M-$28M","VERIFIED","PASS","PASS","YES","Eligible independent business candidate"
"hyperice.com","Hyperice Muscle Recovery","Health, Wellness & Lifestyle","Percussion Recovery Tech","USA","CA","West","Sports Medicine Index","2026-08-31","INDEPENDENT_CONFIRMED","None","Independent sports tech company","SMB","80-150","$30M-$60M","VERIFIED","PASS","PASS","YES","Eligible independent business candidate"
"therabody.com","Therabody Wellness Tech","Health, Wellness & Lifestyle","Wellness & Massage Tech","USA","CA","West","California Fitness Directory","2026-08-31","INDEPENDENT_CONFIRMED","None","Independent wellness hardware brand","SMB","100-200","$40M-$80M","VERIFIED","PASS","PASS","YES","Eligible independent business candidate"
"kosas.com","Kosas Clean Makeup","Health, Wellness & Lifestyle","Clean Cosmetics & Beauty","USA","CA","West","Beauty Retail Register","2026-08-31","INDEPENDENT_CONFIRMED","None","Independent cosmetics brand","SMB","30-60","$10M-$25M","VERIFIED","PASS","PASS","YES","Eligible independent business candidate"
"oseamalibu.com","OSEA Malibu Skincare","Health, Wellness & Lifestyle","Clean Ocean Botanical Beauty","USA","CA","West","California Organic Register","2026-08-31","FAMILY_OWNED_WITH_EXTERNAL_GROWTH_EQUITY","Family Owned (General Atlantic Growth Equity Investor)","100% independent family-owned clean skincare brand in Santa Monica/Malibu, CA (1752 Cloverfield Blvd, Santa Monica, CA 90404; https://oseamalibu.com/pages/about-us)","SMB","30-65","$12M-$25M","VERIFIED","PASS","PASS","YES","Eligible independent business candidate"
"drbronner.com","Dr. Bronner Magic Soaps","Health, Wellness & Lifestyle","Organic Soap & Bodycare","USA","CA","West","Organic Goods Directory","2026-08-31","INDEPENDENT_CONFIRMED","Family Owned","Family-owned organic soap maker","SMB","150-250","$50M-$100M","VERIFIED","PASS","PASS","YES","Eligible independent business candidate"
"cocokind.com","Cocokind Clean Skincare","Health, Wellness & Lifestyle","Clean Skincare & Botanical Beauty","USA","CA","West","California Organic Register","2026-08-31","INDEPENDENT_WITH_EXTERNAL_INVESTMENT","Founder Led (Priscilla Tsai)","Independent clean skincare brand in San Francisco, CA (California St, San Francisco, CA 94108; https://www.cocokind.com/pages/about-us)","SMB","20-50","$8M-$18M","VERIFIED","PASS","PASS","YES","Eligible independent business candidate"
"moonjuice.com","Moon Juice Adaptogens","Health, Wellness & Lifestyle","Adaptogenic Supplements","USA","CA","West","Wellness Retail Register","2026-08-31","INDEPENDENT_CONFIRMED","None","Independent supplement brand","SMB","20-40","$5M-$15M","VERIFIED","PASS","PASS","YES","Eligible independent business candidate"
"goodnessme.ca","Goodness Me! Natural Food Market","Health, Wellness & Lifestyle","Natural Foods & Organic Market","Canada","ON","Canada","Canadian Health Directory","2026-08-31","INDEPENDENT_CONFIRMED","Family Owned","100% independent Canadian family-owned organic food market in Burlington, ON (https://goodnessme.ca/pages/about-us)","SMB","50-100","$15M-$30M","VERIFIED","PASS","PASS","YES","Eligible independent business candidate"
"purelynatural.ca","Purely Natural Health Clinic","Health, Wellness & Lifestyle","Naturopathic Health Services","Canada","BC","Canada","BC Health Practice Index","2026-08-31","INDEPENDENT_CONFIRMED","Doctor Owned","Canadian naturopathic clinic","SMB","10-20","$2M-$5M","VERIFIED","PASS","PASS","YES","Eligible independent business candidate"
"kencko.com","Kencko Organic Nutrition","Health, Wellness & Lifestyle","Organic Freeze-Dried Nutrition","USA","NY","Northeast","Organic Health Directory","2026-08-31","INDEPENDENT_CONFIRMED","None","Independent organic nutrition brand","SMB","30-60","$10M-$20M","VERIFIED","PASS","PASS","YES","Eligible independent business candidate"
"parsleyhealth.com","Parsley Health Care","Health, Wellness & Lifestyle","Holistic Primary Medicine","USA","NY","Northeast","Healthcare Practice Directory","2026-08-31","INDEPENDENT_CONFIRMED","Physician Owned","Independent medical practice","SMB","50-120","$15M-$35M","VERIFIED","PASS","PASS","YES","Eligible independent business candidate"
"feltedsky.com","Felted Sky Needle Felting","Miscellaneous Independent","Wool Felting & Craft Kits","USA","MI","Midwest","Craft Retail Directory","2026-08-31","INDEPENDENT_CONFIRMED","None","Independent wool craft maker (https://feltedsky.com/pages/about-us)","SMB","5-15","$1M-$3M","VERIFIED","PASS","PASS","YES","Eligible independent business candidate"
"makerhouse.com","Maker House Artisans","Miscellaneous Independent","Artisan Craft & Home Decor","Canada","ON","Canada","Canadian Artisan Directory","2026-08-31","INDEPENDENT_CONFIRMED","None","Canadian artisan collective (https://makerhouse.com/pages/about-us)","SMB","10-20","$2M-$4M","VERIFIED","PASS","PASS","YES","Eligible independent business candidate"
"papermouse.com","The Paper Mouse Stationery","Miscellaneous Independent","Specialty Stationery & Gifts","USA","MA","Northeast","New England Gift Index","2026-08-31","INDEPENDENT_CONFIRMED","None","Independent stationery shop (https://thepapermouse.com/pages/about-us)","SMB","5-12","$1M-$2M","VERIFIED","PASS","PASS","YES","Eligible independent business candidate"
"huckberry.com","Huckberry Menswear & Gear","Miscellaneous Independent","Specialty Outdoor & Lifestyle","USA","TX","South","Texas Business Register","2026-08-31","INDEPENDENT_CONFIRMED","None","Independent lifestyle retailer (https://huckberry.com/info/about)","SMB","80-150","$30M-$60M","VERIFIED","PASS","PASS","YES","Eligible independent business candidate"
"fieldnotesbrand.com","Field Notes Memo Books","Miscellaneous Independent","Custom Pocket Memo Books","USA","IL","Midwest","Midwest Paper Directory","2026-08-31","INDEPENDENT_CONFIRMED","Draplin Design Co.","Independent paper goods maker (https://fieldnotesbrand.com/about)","SMB","15-30","$4M-$9M","VERIFIED","PASS","PASS","YES","Eligible independent business candidate"
"bestmadeco.com","Best Made Axe & Tool Co.","Miscellaneous Independent","Artisanal Tools & Camp Goods","USA","NY","Northeast","Specialty Equipment Index","2026-08-31","INDEPENDENT_CONFIRMED","Duluth Trading Sub (Standalone Brand)","Standalone artisanal tool brand (https://bestmadeco.com/about)","SMB","10-25","$3M-$7M","VERIFIED","PASS","PASS","YES","Eligible independent business candidate"
"blackwing602.com","Blackwing Specialty Stationery","Miscellaneous Independent","Specialty Stationery & Pencils","USA","CA","West","California Retail Register","2026-08-31","INDEPENDENT_CONFIRMED","California Cedar Products Co. (Family Owned)","100% independent family-owned specialty stationery manufacturer in Stockton, CA (https://blackwing602.com/pages/about-us)","SMB","25-50","$8M-$18M","VERIFIED","PASS","PASS","YES","Eligible independent business candidate"
"fishseddy.com","Fishs Eddy Artisan Tableware","Miscellaneous Independent","Iconic Ceramics & Tableware","USA","NY","Northeast","New York Retail Register","2026-08-31","INDEPENDENT_CONFIRMED","Founder Owned (Julie Gaines & Sal Gaines)","100% independent iconic ceramic store in New York, NY (889 Broadway, New York, NY 10003; https://fishseddy.com/pages/about-us)","SMB","15-35","$5M-$12M","VERIFIED","PASS","PASS","YES","Eligible independent business candidate"
"poketo.com","Poketo Design Goods","Miscellaneous Independent","Artisan Stationery & Home Design","USA","CA","West","California Retail Register","2026-08-31","INDEPENDENT_CONFIRMED","Founder Owned (Ted Vadakan & Angie Myung)","100% independent design studio in Los Angeles, CA (https://www.poketo.com/pages/about-us)","SMB","15-35","$4M-$10M","VERIFIED","PASS","PASS","YES","Eligible independent business candidate"
"luluandgeorgia.com","Lulu & Georgia Decor","Miscellaneous Independent","Modern Interior Furnishings","USA","CA","West","California Interior Index","2026-08-31","INDEPENDENT_CONFIRMED","None","Independent interior furnishings brand (https://luluandgeorgia.com/pages/about-us)","SMB","40-80","$15M-$35M","VERIFIED","PASS","PASS","YES","Eligible independent business candidate"
"mcgeeandco.com","McGee & Co. Home Goods","Miscellaneous Independent","Curated Home Furnishings","USA","UT","West","Utah Small Business Register","2026-08-31","INDEPENDENT_CONFIRMED","Studio McGee LLC","Independent home design studio (https://mcgeeandco.com/pages/about)","SMB","40-80","$15M-$30M","VERIFIED","PASS","PASS","YES","Eligible independent business candidate"
"jaysonhome.com","Jayson Home Vintage Goods","Miscellaneous Independent","Vintage Furnishings & Botanicals","USA","IL","Midwest","Illinois Retail Directory","2026-08-31","INDEPENDENT_CONFIRMED","None","Independent vintage furnishings store (https://jaysonhome.com/pages/about-us)","SMB","20-40","$5M-$12M","VERIFIED","PASS","PASS","YES","Eligible independent business candidate"
"mille.com","MILLE Boutique & Design","Miscellaneous Independent","Specialty Apparel & Fine Goods","USA","MN","Midwest","Minnesota Retail Index","2026-08-31","INDEPENDENT_CONFIRMED","None","Independent specialty boutique (https://shopmille.com/pages/about)","SMB","10-20","$2M-$5M","VERIFIED","PASS","PASS","YES","Eligible independent business candidate"
"goodneighbor.ca","Good Neighbor Goods","Miscellaneous Independent","Specialty Gifts & Apparel","Canada","ON","Canada","Ontario Retail Register","2026-08-31","INDEPENDENT_CONFIRMED","None","Independent Canadian gift store (https://goodneighbor.ca/pages/about)","SMB","5-15","$1M-$3M","VERIFIED","PASS","PASS","YES","Eligible independent business candidate"
"coalandcanary.com","Coal and Canary Candle Co","Miscellaneous Independent","Artisan Candles & Canadian Gifts","Canada","MB","Canada","Canadian Crafts Index","2026-08-31","INDEPENDENT_CONFIRMED","Founder Owned","100% independent Canadian artisan candle company in Winnipeg, MB (https://www.coalandcanary.com/pages/about-us)","SMB","10-25","$2M-$6M","VERIFIED","PASS","PASS","YES","Eligible independent business candidate"
"baronfig.com","Baronfig EDC & Paper Goods","Miscellaneous Independent","Custom Notebooks & EDC Tools","USA","NY","Northeast","New York Specialty Index","2026-08-31","INDEPENDENT_CONFIRMED","None","Independent paper & EDC goods maker in New York, NY (https://baronfig.com/pages/about)","SMB","15-30","$3M-$8M","VERIFIED","PASS","PASS","YES","Eligible independent business candidate"
"adafruit.com","Adafruit Electronics","Miscellaneous Independent","DIY Electronics & Hardware","USA","NY","Northeast","New York Business Index","2026-08-31","INDEPENDENT_CONFIRMED","100% Female Owned","Female-owned electronics maker (https://adafruit.com/about)","SMB","50-100","$15M-$30M","VERIFIED","PASS","PASS","YES","Eligible independent business candidate"
"coalandcanary.com","Coal and Canary Candle Co","Miscellaneous Independent","Artisan Candles & Canadian Gifts","Canada","MB","Canada","Canadian Crafts Index","2026-08-31","INDEPENDENT_CONFIRMED","Founder Owned","100% independent Canadian artisan candle company in Winnipeg, MB (https://www.coalandcanary.com/pages/about-us)","SMB","10-25","$2M-$6M","VERIFIED","PASS","PASS","YES","Eligible independent business candidate"
"sprucecollective.com","Spruce Collective Goods","Miscellaneous Independent","Canadian Artisan Decor & Lifestyle","Canada","BC","Canada","BC Retail Index","2026-08-31","INDEPENDENT_CONFIRMED","Founder Owned","100% independent Canadian artisan home goods merchant in Abbotsford, BC (https://sprucecollective.com/pages/about-us)","SMB","10-25","$2M-$5M","VERIFIED","PASS","PASS","YES","Eligible independent business candidate"
"nicheacademy.com","Niche Academy EdTech","Miscellaneous Independent","Specialty Online Learning Platform","USA","UT","West","Education Tech Register","2026-08-31","INDEPENDENT_CONFIRMED","None","Independent EdTech SMB in Lehi, UT (https://www.nicheacademy.com/about-us)","SMB","20-40","$4M-$10M","VERIFIED","PASS","PASS","YES","Eligible independent business candidate"