date,original_domain,reason_removed,evidence,replacement_domain,reserve_id,reviewer,notes
2026-08-31,soludos.com,ENTERPRISE_PE_SCALE,Owned by PE portfolio with enterprise operations,tactileturn.com,RES-ECO-01,Senior Quality Auditor,Replaced with independent Texas machined pen D2C brand
2026-08-31,shinola.com,ENTERPRISE_CONGLOMERATE,Bedrock Manufacturing conglomerate,bellroy.com,RES-ECO-02,Senior Quality Auditor,Replaced with independent B-Corp carry accessories brand
2026-08-31,filson.com,ENTERPRISE_CONGLOMERATE,Bedrock Manufacturing conglomerate,peakdesign.com,RES-ECO-03,Senior Quality Auditor,Replaced with 100% employee-owned equipment brand
2026-08-31,alo-yoga.com,ENTERPRISE_SCALE,Global enterprise clothing chain,endy.ca,RES-ECO-04,Senior Quality Auditor,Replaced with Canadian independent mattress D2C brand
2026-08-31,bookoff.com,PUBLIC_ENTERPRISE,Publicly traded international corporation,feltedsky.com,RES-MISC-01,Senior Quality Auditor,Replaced with independent Michigan craft goods maker
2026-08-31,food52.com,ENTERPRISE_MEDIA_GROUP,Chernin Group media conglomerate,makerbot.com,RES-MISC-02,Senior Quality Auditor,Replaced with standalone 3D printing brand
2026-08-31,bespokepost.com,ENTERPRISE_PORTFOLIO,Multi-brand PE group,adafruit.com,RES-MISC-03,Senior Quality Auditor,Replaced with female-owned DIY electronics brand
2026-08-31,rejuvenation.com,ENTERPRISE_SUBSIDIARY,Williams-Sonoma Inc. subsidiary,terraine.com,RES-MISC-04,Senior Quality Auditor,Replaced with regional garden retailer
2026-08-31,endy.ca,ENTERPRISE_SUBSIDIARY,Acquired by Sleep Country Canada in 2018 (https://www.sleepcountry.ca),kotn.com,RES-ECO-05,Senior Quality Auditor,Replaced with independent Toronto Canadian B-Corp brand (https://kotn.com/about)
2026-08-31,makerbot.com,CORPORATE_GROUP_SUB_BRAND,Merged into UltiMaker group (https://www.ultimaker.com),baronfig.com,RES-MISC-05,Senior Quality Auditor,Replaced with independent NY paper & EDC goods maker (https://baronfig.com/pages/about)
2026-08-31,bellroy.com,OUTSIDE_GEOGRAPHIC_FRAME,Headquartered in Fitzroy Victoria Australia (https://bellroy.com/about),distilunion.com,RES-ECO-06,Senior Quality Auditor,Replaced with independent Charleston SC EDC brand (https://distilunion.com/pages/about-us)
2026-08-31,vitalproteins.com,ENTERPRISE_SUBSIDIARY,Acquired by Nestlé Health Science in 2020 (https://www.nestlehealthscience.com),kaged.com,RES-HEA-01,Senior Quality Auditor,Replaced with independent sports nutrition brand in Huntington Beach CA (https://www.kaged.com/pages/about-us)
2026-08-31,generalassemb.ly,ENTERPRISE_SUBSIDIARY,Acquired by Adecco Group in 2018 (https://www.adeccogroup.com),nicheacademy.com,RES-MISC-06,Senior Quality Auditor,Replaced with independent EdTech SMB in Lehi UT (https://www.nicheacademy.com/about-us)
2026-08-31,careof.com,ENTERPRISE_SUBSIDIARY_AND_INACTIVE,Acquired by Bayer in 2020 (https://www.bayer.com) & wound down operations in 2024,ancientnutrition.com,RES-HEA-02,Senior Quality Auditor,Replaced with independent Nashville TN organic nutrition brand (https://ancientnutrition.com/pages/about-us)
2026-08-31,truvani.com,OWNERSHIP_UNVERIFIED_AND_GEO_MISMATCH,RX3 Growth investment 2025 & NV Las Vegas location mismatch,superthing.com,RES-HEA-04,Senior Quality Auditor,Replaced with 100% independent Austin TX wellness coffee roaster Superthing LLC (https://superthing.com/pages/about-us)
2026-08-31,schoolhouse.com,CORPORATE_GROUP_BRAND,Acquired by Food52 & affiliated with Hudson Valley Lighting Group,blackwing602.com,RES-MISC-06,Senior Quality Auditor,Replaced with independent Stockton CA specialty stationery maker California Cedar Products Co (https://blackwing602.com/pages/about-us)
2026-08-31,goodwellness.ca,CLERICAL_DOMAIN_STRING_TYPO,Erroneous domain string in manifest corrected to primary domain goodnessme.ca,goodnessme.ca,N/A,Senior Quality Auditor,Formal domain-string correction to primary domain goodnessme.ca (https://goodnessme.ca/pages/about-us)
2026-08-31,timbuk2.com,NON_INDEPENDENT_OR_IDENTITY_MISMATCH,Excluded post-freeze due to acquisition or domain/identity failure,topodesigns.com,RES-V1.6,Senior Quality Auditor,Replaced with 100% independent verified SMB (100% independent outdoor pack & apparel brand in Denver, CO (https://topodesigns.com/pages/about-us))
2026-08-31,modernfertility.com,NON_INDEPENDENT_OR_IDENTITY_MISMATCH,Excluded post-freeze due to acquisition or domain/identity failure,sunpotion.com,RES-V1.6,Senior Quality Auditor,Replaced with 100% independent verified SMB (100% independent organic herb & superfood brand in Santa Barbara, CA (https://www.sunpotion.com/pages/about-us))
2026-08-31,iliabeauty.com,NON_INDEPENDENT_OR_IDENTITY_MISMATCH,Excluded post-freeze due to acquisition or domain/identity failure,saiehello.com,RES-V1.6,Senior Quality Auditor,Replaced with 100% independent verified SMB (100% independent clean cosmetics brand in Los Angeles, CA (https://saiehello.com/pages/about-us))
2026-08-31,tactileturn.ca,NON_INDEPENDENT_OR_IDENTITY_MISMATCH,Excluded post-freeze due to acquisition or domain/identity failure,drakegeneralstore.ca,RES-V1.6,Senior Quality Auditor,Replaced with 100% independent verified SMB (100% independent Canadian artisan retail brand in Toronto, ON (https://www.drakegeneralstore.ca/pages/about-us))
2026-08-31,brumate.com,GEOGRAPHIC_OR_OWNERSHIP_MISMATCH,Excluded post-freeze due to geographic misclassification or control unknown,hookandalbert.com,RES-V1.7,Senior Quality Auditor,Replaced with verified SMB (100% independent travel luggage brand in Dallas/Addison, TX (15301 Spectrum Dr, Addison, TX 75001; https://www.hookandalbert.com/pages/about-us))
2026-08-31,eastfork.com,GEOGRAPHIC_OR_OWNERSHIP_MISMATCH,Excluded post-freeze due to geographic misclassification or control unknown,baggu.com,RES-V1.7,Senior Quality Auditor,Replaced with verified SMB (100% independent design studio in Brooklyn, NY (33 Flatbush Ave, Brooklyn, NY 11217; https://www.baggu.com/pages/about-us))
2026-08-31,topodesigns.com,METADATA_LABEL_CORRECTION,Updated ownership label to INDEPENDENT_WITH_EXTERNAL_INVESTMENT (Gart Capital minority investor),topodesigns.com,N/A,Senior Quality Auditor,Label update only - domain retained in sample
2026-08-31,herbivorebotanicals.com,ACQUIRED_OR_PE_OR_GEO_MISMATCH,Excluded post-freeze due to acquisition PE portfolio or geographic mismatch,cocokind.com,RES-V1.8,Senior Quality Auditor,Replaced with verified SMB (Independent clean skincare brand in San Francisco, CA (California St, San Francisco, CA 94108; https://www.cocokind.com/pages/about-us))
2026-08-31,oseamalibu.com,METADATA_LABEL_CORRECTION,Updated ownership label to FAMILY_OWNED_WITH_EXTERNAL_GROWTH_EQUITY (General Atlantic 2025 growth investor),oseamalibu.com,N/A,Senior Quality Auditor,Label update only - domain retained in sample
2026-08-31,athleticgreens.com,DOMAIN_MISMATCH_OR_ENTERPRISE_OUTLIER,Excluded post-freeze due to domain mismatch enterprise scale or private investment,humnutrition.com,RES-V1.9,Senior Quality Auditor,Replaced with verified SMB (Independent clean nutrition brand in West Hollywood, CA (https://www.humnutrition.com/pages/about-us))
2026-08-31,serenaandlily.com,DOMAIN_MISMATCH_OR_ENTERPRISE_OUTLIER,Excluded post-freeze due to domain mismatch enterprise scale or private investment,poketo.com,RES-V1.9,Senior Quality Auditor,Replaced with verified SMB (100% independent design studio in Los Angeles, CA (https://www.poketo.com/pages/about-us))
2026-08-31,strata.ca,DOMAIN_MISMATCH_OR_ENTERPRISE_OUTLIER,Excluded post-freeze due to domain mismatch enterprise scale or private investment,sprucecollective.com,RES-V1.9,Senior Quality Auditor,Replaced with verified SMB (100% independent Canadian artisan home goods merchant in Abbotsford, BC (https://sprucecollective.com/pages/about-us))
2026-08-31,superthing.com,DUPLICATE_FINAL_SAMPLE_ENTITY,Removed duplicate Batch 5 instance of superthing.com,drinklmnt.com,RES-V2.0,Senior Quality Auditor,Replaced with verified unique SMB (100% independent clean electrolyte hydration brand in Austin, TX (106 E 6th St, Austin, TX 78701; https://drinklmnt.com/pages/about-us))
2026-08-31,cocokind.com,DUPLICATE_FINAL_SAMPLE_ENTITY,Removed duplicate Batch 5 instance of cocokind.com,truebotanicals.com,RES-V2.0,Senior Quality Auditor,Replaced with verified unique SMB (100% independent clean skincare brand in Mill Valley/San Francisco, CA (1 Governance, Mill Valley, CA 94941; https://truebotanicals.com/pages/about-us))
2026-08-31,coalandcanary.com,DUPLICATE_FINAL_SAMPLE_ENTITY,Removed duplicate Batch 5 instance of coalandcanary.com,brika.com,RES-V2.0,Senior Quality Auditor,Replaced with verified unique SMB (100% independent Canadian artisan brand in Toronto, ON (https://brika.com/pages/about-us))
2026-08-31,brika.com,ACQUIRED_BUSINESS,Salt XC 2022 acquisition & email integration (brika.team@ilovesalt.com),makerhouse.com,RES-V2.1,Senior Quality Auditor,Replaced with verified unique Canadian SMB (100% independent Canadian artisan goods store in Ottawa, ON (987 Wellington St W, Ottawa, ON K1Y 2Y1; https://makerhouse.com/pages/about-us))
2026-08-31,makerhouse.com,DUPLICATE_BATCH5_MAKERHOUSE,Removed duplicate Batch 5 Maker House instance (retained Batch 2 ID 82),peace-collective.com,RES-V2.2,Senior Quality Auditor,Replaced with verified unique Canadian SMB (100% independent Canadian lifestyle brand in Toronto, ON (131 Ossington Ave, Toronto, ON M6J 2Z6; https://www.peace-collective.com/pages/about-us))
2026-08-31,peace-collective.com,METADATA_FOUNDER_CORRECTION,Corrected founder metadata to Yanal Dhailieh & Roman Hessary (PEACE COLLECTIVE INC.),peace-collective.com,N/A,Senior Quality Auditor,Metadata update only - domain retained in sample